{"cameraMode":{"drawMode":0,"name":"Shaded","section":"Shading Mode"},"sceneLighting":true,"audioPlay":false,"sceneViewState":{"m_AlwaysRefresh":false,"showFog":true,"showSkybox":false,"showFlares":true,"showImageEffects":true,"showParticleSystems":true,"showVisualEffectGraphs":true,"m_FxEnabled":true},"in2DMode":false,"pivot":{"x":-7.726983070373535,"y":1.0000123977661133,"z":25.034076690673829},"rotation":{"x":-0.1666778028011322,"y":-0.8069086670875549,"z":0.26992347836494448,"w":-0.49829143285751345},"size":13.620715141296387,"orthographic":false}