{"cameraMode":{"drawMode":0,"name":"Shaded","section":"Shading Mode"},"sceneLighting":false,"audioPlay":false,"sceneViewState":{"m_AlwaysRefresh":false,"showFog":true,"showSkybox":false,"showFlares":true,"showImageEffects":true,"showParticleSystems":true,"showVisualEffectGraphs":true,"m_FxEnabled":true},"in2DMode":false,"pivot":{"x":-16.396595001220704,"y":3.10880708694458,"z":0.49611711502075198},"rotation":{"x":-0.0023698783479630949,"y":0.9973291158676148,"z":-0.03772779926657677,"w":-0.06316985934972763},"size":3.3113276958465578,"orthographic":false}