{"cameraMode":{"drawMode":0,"name":"Shaded","section":"Shading Mode"},"sceneLighting":false,"audioPlay":false,"sceneViewState":{"m_AlwaysRefresh":false,"showFog":true,"showSkybox":false,"showFlares":true,"showImageEffects":true,"showParticleSystems":true,"showVisualEffectGraphs":true,"m_FxEnabled":true},"in2DMode":false,"pivot":{"x":0.6597840785980225,"y":2.808499574661255,"z":-2.890730857849121},"rotation":{"x":0.033495329320430759,"y":0.9198104739189148,"z":-0.08051334321498871,"w":0.38266533613204958},"size":2.283294916152954,"orthographic":false}