{"cameraMode":{"drawMode":0,"name":"Shaded","section":"Shading Mode"},"sceneLighting":false,"audioPlay":false,"sceneViewState":{"m_AlwaysRefresh":false,"showFog":true,"showSkybox":false,"showFlares":true,"showImageEffects":true,"showParticleSystems":true,"showVisualEffectGraphs":true,"m_FxEnabled":true},"in2DMode":false,"pivot":{"x":-0.035990700125694278,"y":-0.06983055174350739,"z":-0.00910632498562336},"rotation":{"x":0.22168704867362977,"y":-0.1965131163597107,"z":0.04565582051873207,"w":0.9540586471557617},"size":0.26381075382232668,"orthographic":false}