{"cameraMode":{"drawMode":0,"name":"Shaded","section":"Shading Mode"},"sceneLighting":false,"audioPlay":false,"sceneViewState":{"m_AlwaysRefresh":false,"showFog":true,"showSkybox":false,"showFlares":true,"showImageEffects":true,"showParticleSystems":true,"showVisualEffectGraphs":true,"m_FxEnabled":true},"in2DMode":false,"pivot":{"x":0.1149938702583313,"y":-0.3119979798793793,"z":0.09915146231651306},"rotation":{"x":0.3672226667404175,"y":0.33478450775146487,"z":-0.14364531636238099,"w":0.8558672070503235},"size":0.6617780923843384,"orthographic":false}